account_global_legal_name,display_name,industry,cities,centres,leaders,existing_slug,surfaced_by
"[24]7.ai, Inc.","[24]7.ai, Inc.","Software & SaaS","Bengaluru; Hyderabad; Shillong",3,49,"","industry: Software & SaaS"
"3M Co.","3M Co.","Industrial","Bengaluru; Pune; Ahmedabad; Chennai; Gurugram",8,26,"3m-co","industry: Industrial"
"7-Eleven, Inc.","7-Eleven, Inc.","Retail & Consumer Goods","Bengaluru",1,30,"","industry: Retail & Consumer Goods"
"A.P. Moller Maersk A/S","A.P. Moller Maersk A/S","Travel, Transport, Logistics & Hospitality","Chennai; Bengaluru; Kanchipuram; Mumbai; Pune",6,83,"","city: Bengaluru"
"AB SKF","AB SKF","Industrial","Bengaluru; Pune; Ahmedabad; Haridwar; Mumbai; Mysuru",10,34,"","industry: Industrial"
"Abacus.AI, Inc.","Abacus.AI, Inc.","Software & SaaS","Mumbai",1,9,"","industry: Software & SaaS"
"ABB Ltd.","ABB Ltd.","Industrial","Bengaluru; Nashik; Vadodara; Chennai; Faridabad; Hyderabad; Mumbai",12,197,"","industry: Industrial"
"Abbott Laboratories","Abbott Laboratories","Healthcare Life Sciences & Pharma","Mumbai; Bengaluru; Bharuch; New Delhi; Salcete; Solan",8,284,"","industry: Healthcare Life Sciences & Pharma"
"AbbVie Inc.","AbbVie Inc.","Healthcare Life Sciences & Pharma","Bengaluru",1,13,"","industry: Healthcare Life Sciences & Pharma"
"ABBYY Development Inc.","ABBYY Development Inc.","Software & SaaS","Bengaluru; New Delhi",2,1,"","industry: Software & SaaS"
"ABC Fitness Solutions, LLC","ABC Fitness Solutions, LLC","Software & SaaS","Hyderabad",1,2,"","industry: Software & SaaS"
"AbsolutData Holdings, Inc. (Acquired by Infogain Corp.)","AbsolutData Holdings, Inc.","Professional Services","Bengaluru; Gurugram",2,32,"","industry: Professional Services"
"Accenture plc","Accenture plc","IT Service","Bengaluru; Mumbai; Chennai; Gurugram; Hyderabad; Bhubaneswar; Coimbatore; Gandhinagar; Indore; Jaipur; Kolkata; Navi Mumbai; Noida; Pune",23,1482,"","industry: IT Service"
"Accolite Digital LLC","Accolite Digital LLC","IT Service","Bengaluru; Chennai; Gurugram; Hyderabad",4,25,"","industry: IT Service"
"ACI Worldwide, Inc.","ACI Worldwide, Inc.","Software & SaaS","Bengaluru; Mumbai; Pune",3,17,"","industry: Software & SaaS"
"Acquia, Inc.","Acquia, Inc.","Software & SaaS","Pune",1,13,"","industry: Software & SaaS"
"Actalent, Inc.","Actalent, Inc.","Professional Services","Bengaluru; Chennai; Hyderabad; Pune",4,10,"","industry: Professional Services"
"Adaequare, Inc.","Adaequare, Inc.","IT Service","Hyderabad",1,6,"","industry: IT Service"
"Adama Agricultural Solutions Ltd.","Adama Agricultural Solutions Ltd.","Chemicals","Bharuch; Hyderabad",2,14,"","city: Hyderabad"
"Adecco Group AG","Adecco Group AG","Professional Services","Bengaluru",2,17,"","industry: Professional Services"
"Adept Chips Services Pvt. Ltd. (Acquired by Quest Global Services Pte. Ltd.)","Adept Chips Services Pvt. Ltd.","IT Service","Bengaluru; Hyderabad; Belgaum; Kochi; Pune; Visakhapatnam",8,44,"","industry: IT Service"
"Adeptia, Inc.","Adeptia, Inc.","Software & SaaS","Noida",1,3,"","industry: Software & SaaS"
"Adform A/S","Adform A/S","Software & SaaS","Mumbai",1,7,"","industry: Software & SaaS"
"Adidas AG","Adidas AG","Retail & Consumer Goods","Chennai; Gurugram",2,56,"","industry: Retail & Consumer Goods"
"Adient plc","Adient plc","Automotive","Pune; Ahmedabad; Belur; Chennai; Lucknow; Noida; Rudrapur",9,15,"","industry: Automotive"
"Aditi Consulting LLC","Aditi Consulting LLC","IT Service","Bengaluru; Vadodara",2,3,"","industry: IT Service"
"Admiral Group plc","Admiral Group plc","BFSI","Gurugram",2,14,"","industry: BFSI"
"Adobe, Inc.","Adobe, Inc.","Software & SaaS","Noida; Bengaluru; Hyderabad; Pune",6,399,"","industry: Software & SaaS"
"Adolf Wuerth GmbH & Co. KG","Adolf Wuerth GmbH & Co. KG","Others","Pune; Bengaluru; Kolkata; New Delhi",5,15,"","city: Bengaluru"
"ADP, Inc.","ADP, Inc.","Software & SaaS","Bengaluru; Hyderabad; Pune",3,140,"","industry: Software & SaaS"
"Advance Auto Parts, Inc.","Advance Auto Parts, Inc.","Automotive","Hyderabad",1,11,"","industry: Automotive"
"Advanced Micro Devices, Inc.","Advanced Micro Devices, Inc.","Hi-Tech","Bengaluru; Hyderabad; Mumbai",4,101,"","industry: Hi-Tech"
"Advanta Seeds DMCC","Advanta Seeds DMCC","Chemicals","Hyderabad; Pune; Sonipat",3,7,"","city: Hyderabad"
"Advantech Co., Ltd.","Advantech Co., Ltd.","Industrial","Bengaluru; Jaipur; Pune",3,5,"","industry: Industrial"
"Advantedge Healthcare Solutions Inc. (Acquired by Health Prime International)","Advantedge Healthcare Solutions Inc.","Healthcare Life Sciences & Pharma","Bengaluru; Navi Mumbai",2,8,"","industry: Healthcare Life Sciences & Pharma"
"Adyen N.V.","Adyen N.V.","BFSI","Bengaluru",1,2,"","industry: BFSI"
"AECOM Technology Corp.","AECOM Technology Corp.","Industrial","Bengaluru; Gurugram",2,22,"","industry: Industrial"
"Aegis Ltd. (Merged into StarTek, Inc.)","Aegis Ltd.","Professional Services","Chennai",1,23,"","industry: Professional Services"
"Affle 3i Ltd.","Affle 3i Ltd.","Software & SaaS","Bengaluru; Gurugram",2,10,"","industry: Software & SaaS"
"AGCO Corp.","AGCO Corp.","Agriculture","Bengaluru; Gurugram",2,8,"","city: Gurugram"
"Agilent Technologies, Inc.","Agilent Technologies, Inc.","Healthcare Life Sciences & Pharma","Ahmedabad; Manesar; Bengaluru; Hyderabad; Mumbai",7,22,"","industry: Healthcare Life Sciences & Pharma"
"Agility Public Warehousing Company K.S.C.P.","Agility Public Warehousing Company K.S.C.P.","Travel, Transport, Logistics & Hospitality","Hyderabad",1,4,"","city: Hyderabad"
"Agilon Health, Inc.","Agilon Health, Inc.","Healthcare Life Sciences & Pharma","Bengaluru",1,5,"","industry: Healthcare Life Sciences & Pharma"
"Agnity, Inc (Acquired by Transaction Network Services, Inc.)","Agnity, Inc","Telecom","Noida",1,3,"","industry: Telecom"
"AiDash, Inc.","AiDash, Inc.","Hi-Tech","Bengaluru",1,2,"","industry: Hi-Tech"
"Air Liquide S.A.","Air Liquide S.A.","Chemicals","New Delhi; Chengalpattu; Chennai; Mumbai",5,18,"","city: Mumbai"
"Air Products & Chemicals, Inc","Air Products & Chemicals, Inc","Chemicals","Pune; Ahmedabad; Bankura; Fatehgarh Sahib; Ghaziabad; Hosur; Nagpur; Puducherry; Thane; Vadodara",12,16,"","city: Pune"
"AIR Worldwide Corp. (Acquired by Verisk Analytics, Inc.)","AIR Worldwide Corp.","Software & SaaS","Hyderabad",1,5,"","industry: Software & SaaS"
"Airbnb, Inc.","Airbnb, Inc.","Travel, Transport, Logistics & Hospitality","Bengaluru; Gurugram",2,5,"","city: Gurugram"
"Airbus SE","Airbus SE","Aerospace & Defense","Bengaluru; Vadodara; New Delhi",7,41,"","city: New Delhi"
"Akamai Technologies, Inc.","Akamai Technologies, Inc.","Software & SaaS","Bengaluru; Chennai; Mumbai",3,47,"","industry: Software & SaaS"
"Aker Solutions ASA","Aker Solutions ASA","Utilities","Mumbai; Pune",2,11,"","city: Pune"
"Akzo Nobel N.V.","Akzo Nobel N.V.","Chemicals","Bengaluru; Gurugram; Noida; Pune; Thane",5,71,"","city: Pune"
"Alamy Ltd.","Alamy Ltd.","Professional Services","Thiruvananthapuram",1,3,"","industry: Professional Services"
"Alcon Inc.","Alcon Inc.","Healthcare Life Sciences & Pharma","Bengaluru",2,28,"","industry: Healthcare Life Sciences & Pharma"
"Alepo Technologies Inc.","Alepo Technologies Inc.","Software & SaaS","Navi Mumbai; Pune",2,7,"","industry: Software & SaaS"
"Alexion Pharmaceuticals, Inc.","Alexion Pharmaceuticals, Inc.","Healthcare Life Sciences & Pharma","Mumbai",1,2,"","industry: Healthcare Life Sciences & Pharma"
"Alfa Laval AB","Alfa Laval AB","Industrial","Pune; Satara",3,27,"","industry: Industrial"
"Aliaxis Group S.A. / N.V.","Aliaxis Group S.A. / N.V.","Industrial","Bengaluru; Chennai; Hyderabad; Kolkata; Salcete",5,19,"","industry: Industrial"
"Alight, Inc.","Alight, Inc.","Software & SaaS","Chennai; Gurugram; Hyderabad; Kochi; Noida",5,3,"","industry: Software & SaaS"
"Align Technology, Inc.","Align Technology, Inc.","Healthcare Life Sciences & Pharma","Hyderabad; Mumbai",3,11,"","industry: Healthcare Life Sciences & Pharma"
"Alimentation Couche-Tard Inc.","Alimentation Couche-Tard Inc.","Retail & Consumer Goods","Gurugram",1,3,"","industry: Retail & Consumer Goods"
"Allegion plc","Allegion plc","Industrial","Bengaluru",1,9,"","industry: Industrial"
"Allegis Group, Inc.","Allegis Group, Inc.","Professional Services","Bengaluru",1,10,"","industry: Professional Services"
"Alliance Data (Now Bread Financial Holdings, Inc.)","Alliance Data (Now Bread Financial Holdings, Inc.)","BFSI","Bengaluru",1,12,"","industry: BFSI"
"AllianceBernstein L.P.","AllianceBernstein L.P.","BFSI","Pune",1,2,"","industry: BFSI"
"Allianz SE","Allianz SE","BFSI","Pune; Thiruvananthapuram",5,53,"","industry: BFSI"
"Allstate Insurance Co.","Allstate Insurance Co.","BFSI","Bengaluru; Pune",2,49,"","industry: BFSI"
"Allvue Systems, LLC","Allvue Systems, LLC","Software & SaaS","Pune",1,2,"","industry: Software & SaaS"
"Alphabet Inc.","Alphabet Inc.","Hi-Tech","Bengaluru; Hyderabad; Gandhinagar; Gurugram; Mumbai; Navi Mumbai; New Delhi; Pune; Visakhapatnam",11,21,"","industry: Hi-Tech"
"AlphaSense, Inc.","AlphaSense, Inc.","Hi-Tech","Bengaluru; Pune",2,2,"","industry: Hi-Tech"
"Alphawave IP Group PLC","Alphawave IP Group PLC","Hi-Tech","Bengaluru; Pune",2,13,"","industry: Hi-Tech"
"Alphion Corp.","Alphion Corp.","Telecom","Chennai; Mumbai",2,10,"","industry: Telecom"
"Alstom S.A.","Alstom S.A.","Industrial","Vadodara; Bengaluru; Kolkata; Chittoor; Coimbatore; Gurugram; Hyderabad; Madhepura; New Delhi",13,176,"","industry: Industrial"
"Altair Engineering Inc.","Altair Engineering Inc.","Software & SaaS","Bengaluru; Chennai; New Delhi; Pune",4,32,"","industry: Software & SaaS"
"Alten S.A.","Alten S.A.","IT Service","Bengaluru; Chennai; Pune; Hyderabad",7,14,"","industry: IT Service"
"Altimetrik Corp.","Altimetrik Corp.","IT Service","Bengaluru; Chennai; Hyderabad; Jaipur; Pune",6,25,"","industry: IT Service"
"Altiostar Networks, Inc. (Acquired by Rakuten Group, Inc.)","Altiostar Networks, Inc.","Telecom","Bengaluru",1,10,"","industry: Telecom"
"Altisource Portfolio Solutions S.A.","Altisource Portfolio Solutions S.A.","IT Service","Bengaluru",1,19,"","industry: IT Service"
"Alvarez & Marsal Holdings, LLC","Alvarez & Marsal Holdings, LLC","Professional Services","Bengaluru; New Delhi",2,14,"","industry: Professional Services"
"Alvaria, Inc.","Alvaria, Inc.","Software & SaaS","Bengaluru",1,9,"","industry: Software & SaaS"
"Amada Co. Ltd.","Amada Co. Ltd.","Industrial","Bengaluru; Chennai; Faridabad",3,5,"","industry: Industrial"
"Amadeus IT Group, S.A.","Amadeus IT Group, S.A.","Software & SaaS","Bengaluru; Pune",2,84,"","industry: Software & SaaS"
"Amagi Corp.","Amagi Corp.","Software & SaaS","Bengaluru; New Delhi",2,25,"","industry: Software & SaaS"
"Amazon Web Services, Inc.","Amazon Web Services, Inc.","Software & SaaS","Hyderabad; Mumbai",2,59,"","city: Mumbai"
"Amazon.com, Inc.","Amazon.com, Inc.","Marketplace","Bengaluru; Chennai; Gurugram; Hyderabad; Mumbai; Pune",8,53,"","city: Mumbai"
"Amdocs Ltd.","Amdocs Ltd.","Software & SaaS","Gurugram; Pune",2,426,"","city: Gurugram"
"American Axle & Manufacturing, Inc.","American Axle & Manufacturing, Inc.","Automotive","Pune; Chennai; Rudrapur",6,10,"","industry: Automotive"
"American Express Co.","American Express Co.","BFSI","Gurugram; Bengaluru; Chennai; Mumbai; New Delhi",6,332,"","industry: BFSI"
"American International Group, Inc.","American International Group, Inc.","BFSI","Bengaluru; Chennai; Gurugram",3,7,"","industry: BFSI"
"Ameriprise Financial, Inc.","Ameriprise Financial, Inc.","BFSI","Gurugram; Noida",2,25,"","industry: BFSI"
"Ametek, Inc.","Ametek, Inc.","Industrial","Bengaluru; Mumbai",3,19,"","industry: Industrial"
"Amgen Inc.","Amgen Inc.","Healthcare Life Sciences & Pharma","Bengaluru; Hyderabad; Mumbai",3,48,"","industry: Healthcare Life Sciences & Pharma"
"Amicorp Ltd.","Amicorp Ltd.","BFSI","Bengaluru; Mumbai",2,13,"","industry: BFSI"
"AML RightSource, LLC","AML RightSource, LLC","BFSI","Noida",1,2,"","industry: BFSI"
"Amneal Pharmaceuticals, Inc.","Amneal Pharmaceuticals, Inc.","Healthcare Life Sciences & Pharma","Ahmedabad; Bharuch; Hyderabad; Mumbai; Visakhapatnam",8,31,"","industry: Healthcare Life Sciences & Pharma"
"Amway Corp.","Amway Corp.","Retail & Consumer Goods","Gurugram; Nilakkottai",2,32,"","industry: Retail & Consumer Goods"
"Analog Devices, Inc.","Analog Devices, Inc.","Hi-Tech","Bengaluru",2,26,"","industry: Hi-Tech"
"Analytics Quotient (part of The Kantar Group Ltd.)","Analytics Quotient (part of The Kantar Group Ltd.)","Professional Services","Bengaluru",1,5,"","industry: Professional Services"
"Anaptyss, Inc.","Anaptyss, Inc.","Professional Services","Gurugram",1,2,"","industry: Professional Services"
"Andritz AG","Andritz AG","Industrial","Chennai; Bengaluru; Mandideep; New Delhi; Palwal",6,27,"","industry: Industrial"
"Anglo-Eastern Univan Group Ltd.","Anglo-Eastern Univan Group Ltd.","Travel, Transport, Logistics & Hospitality","Mumbai; Navi Mumbai; New Delhi",3,2,"","city: New Delhi"
"Anheuser-Busch InBev S.A./N.V.","Anheuser-Busch InBev S.A./N.V.","Retail & Consumer Goods","Bengaluru; Medak; Mysuru",4,28,"","industry: Retail & Consumer Goods"
"Anritsu Corp.","Anritsu Corp.","Telecom","Bengaluru",1,6,"","industry: Telecom"
"Antal International Ltd.","Antal International Ltd.","Professional Services","Mumbai",1,3,"","industry: Professional Services"
"Anton Paar GmbH","Anton Paar GmbH","Healthcare Life Sciences & Pharma","Gurugram; Thane",2,4,"","industry: Healthcare Life Sciences & Pharma"
"Anuta Networks International LLC","Anuta Networks International LLC","Telecom","Bengaluru",1,1,"","industry: Telecom"
"AOL Inc.","AOL Inc.","Hi-Tech","Bengaluru",2,2,"","industry: Hi-Tech"
"Aon plc","Aon plc","BFSI","Bengaluru; Chennai; Gurugram; Mumbai; Noida",6,54,"","industry: BFSI"
"Apex Technology Systems, Inc.","Apex Technology Systems, Inc.","IT Service","Hyderabad",1,2,"","industry: IT Service"
"Apolis Inc.","Apolis Inc.","IT Service","Chennai; Gurugram; Noida; Thiruvananthapuram",4,10,"","industry: IT Service"
"Apollo Global Management Inc.","Apollo Global Management Inc.","BFSI","Mumbai",1,31,"","industry: BFSI"
"Apotex Inc.","Apotex Inc.","Healthcare Life Sciences & Pharma","Bengaluru; Mumbai",2,38,"","industry: Healthcare Life Sciences & Pharma"
"Apple Inc.","Apple Inc.","Hi-Tech","Bengaluru; Chennai; Hosur; Hyderabad",5,22,"","industry: Hi-Tech"
"Applied Materials, Inc.","Applied Materials, Inc.","Hi-Tech","Bengaluru; Chennai; Mumbai",6,52,"","industry: Hi-Tech"
"Applied Research Works. Inc.","Applied Research Works. Inc.","Professional Services","Kolkata",1,3,"","industry: Professional Services"
"Aptean, Inc.","Aptean, Inc.","Hi-Tech","Bengaluru; Madurai",2,10,"","industry: Hi-Tech"
"Aptiv plc","Aptiv plc","Automotive","Chennai; Pune; Bengaluru; Kochi; Rewari",7,25,"","industry: Automotive"
"Apttus Corp.","Apttus Corp.","Software & SaaS","Ahmedabad; Bengaluru; Chennai; Pune",4,5,"","city: Ahmedabad"
"AQR Capital Management, LLC","AQR Capital Management, LLC","BFSI","Bengaluru",1,14,"","industry: BFSI"
"Aramex PJSC","Aramex PJSC","Travel, Transport, Logistics & Hospitality","Ahmedabad; Pune",2,12,"","city: Ahmedabad"
"Arasan Chip Systems, Inc.","Arasan Chip Systems, Inc.","Hi-Tech","Bengaluru; Thoothukudi",3,2,"","industry: Hi-Tech"
"Arch Capital Group Ltd.","Arch Capital Group Ltd.","BFSI","Hyderabad; Pune; Thiruvananthapuram",3,2,"","industry: BFSI"
"Arctic Wolf Networks, Inc.","Arctic Wolf Networks, Inc.","Telecom","Bengaluru; Noida",3,12,"","industry: Telecom"
"Arista Networks, Inc.","Arista Networks, Inc.","Hi-Tech","Bengaluru; Pune",2,18,"","industry: Hi-Tech"
"Aristocrat Leisure Ltd.","Aristocrat Leisure Ltd.","Recreation & Entertainment","Noida",1,11,"","city: Noida"
"Arm Holdings plc","Arm Holdings plc","Hi-Tech","Bengaluru; Noida",3,28,"","industry: Hi-Tech"
"Arrk Ltd.","Arrk Ltd.","Automotive","Navi Mumbai",1,3,"","industry: Automotive"
"Arrow Electronics, Inc","Arrow Electronics, Inc","Electronics","Bengaluru; Ahmedabad; Chennai; Hyderabad; Indore; Noida; Pune",8,15,"","city: Noida"
"ARS Traffic & Transport Technology B.V.","ARS Traffic & Transport Technology B.V.","IT Service","Thiruvananthapuram",1,4,"","industry: IT Service"
"Arthur J. Gallagher & Co.","Arthur J. Gallagher & Co.","BFSI","Bengaluru; Kolhapur; Mumbai; Pune; Shimoga",5,27,"","industry: BFSI"
"Arup Group Ltd.","Arup Group Ltd.","Industrial","Gurugram",1,1,"","industry: Industrial"
"Ascena Retail Group, Inc.","Ascena Retail Group, Inc.","Retail & Consumer Goods","Bengaluru",1,2,"","industry: Retail & Consumer Goods"
"Ascendion Inc.","Ascendion Inc.","IT Service","Chennai; Hyderabad",2,8,"","industry: IT Service"
"Ascendum Solutions LLC","Ascendum Solutions LLC","IT Service","Ahmedabad; Bengaluru",2,8,"","industry: IT Service"
"Ashley Furniture Industries, Inc.","Ashley Furniture Industries, Inc.","Retail & Consumer Goods","Bengaluru; Chennai",2,12,"","industry: Retail & Consumer Goods"
"Assa Abloy AB","Assa Abloy AB","Industrial","Chennai; Gurugram; Mumbai",3,11,"","industry: Industrial"
"Assicurazioni Generali S.p.A.","Assicurazioni Generali S.p.A.","BFSI","Mumbai",1,5,"","industry: BFSI"
"Assurant, Inc.","Assurant, Inc.","BFSI","Bengaluru; Chennai",2,8,"","industry: BFSI"
"Astellas Pharma Inc.","Astellas Pharma Inc.","Healthcare Life Sciences & Pharma","Bengaluru; Mumbai",2,2,"","industry: Healthcare Life Sciences & Pharma"
"Astera Labs Inc.","Astera Labs Inc.","Hi-Tech","Bengaluru",1,4,"","industry: Hi-Tech"
"AstraZeneca plc","AstraZeneca plc","Healthcare Life Sciences & Pharma","Bengaluru; Chennai",4,87,"","industry: Healthcare Life Sciences & Pharma"
"AT&T Inc.","AT&T Inc.","Telecom","Bengaluru; Chennai; Gurugram; Hyderabad",4,120,"","industry: Telecom"
"AtkinsRealis Group Inc.","AtkinsRealis Group Inc.","Industrial","Bengaluru; Gurugram; Mumbai",3,29,"","industry: Industrial"
"Atlas Copco AB","Atlas Copco AB","Industrial","Pune; Bengaluru; Hyderabad; Nashik",6,33,"","industry: Industrial"
"Atmecs Global Inc.","Atmecs Global Inc.","IT Service","Hyderabad",1,18,"","industry: IT Service"
"Atmus Filtration Technologies Inc.","Atmus Filtration Technologies Inc.","Industrial","Pune",2,7,"","industry: Industrial"
"Atos SE","Atos SE","IT Service","Bengaluru; Chennai; Gurugram; Navi Mumbai; Pune; Tirunelveli; Vadodara",7,94,"","industry: IT Service"
"Audience, Inc. (Acquired by Knowles Corp.)","Audience, Inc.","Hi-Tech","Bengaluru",1,3,"","industry: Hi-Tech"
"Australia and New Zealand Banking Group Ltd.","Australia and New Zealand Banking Group Ltd.","BFSI","Bengaluru",2,39,"","industry: BFSI"
"Autoliv, Inc.","Autoliv, Inc.","Automotive","Bengaluru; Chennai; Gurugram; Mysuru; Pune",5,13,"","industry: Automotive"
"Automated Precision Inc. (API Metrology)","Automated Precision Inc. (API Metrology)","Industrial","Pune",1,1,"","industry: Industrial"
"AutoZone, Inc.","AutoZone, Inc.","Automotive","Gurugram",1,2,"","industry: Automotive"
"Avacare Health Group","Avacare Health Group","Healthcare Life Sciences & Pharma","Mumbai",1,4,"","industry: Healthcare Life Sciences & Pharma"
"Availity, LLC","Availity, LLC","Healthcare Life Sciences & Pharma","Bengaluru",1,6,"","industry: Healthcare Life Sciences & Pharma"
"Avalara, Inc.","Avalara, Inc.","Software & SaaS","Pune; Noida",3,37,"","city: Noida"
"Avantor, Inc.","Avantor, Inc.","Healthcare Life Sciences & Pharma","Bengaluru; Bharuch; Dehradun; Mumbai",4,11,"","industry: Healthcare Life Sciences & Pharma"
"Avery Dennison Corp.","Avery Dennison Corp.","Industrial","Pune; Bengaluru; Gurugram; Mumbai; Noida",8,30,"","industry: Industrial"
"Avineon, Inc.","Avineon, Inc.","IT Service","Hyderabad; Kakinada",2,8,"","industry: IT Service"
"AVL List GmbH","AVL List GmbH","Automotive","New Delhi; Gurugram",3,16,"","industry: Automotive"
"AwareBase Corp.","AwareBase Corp.","Software & SaaS","Noida",1,2,"","city: Noida"
"AXA S.A.","AXA S.A.","BFSI","Bengaluru; Pune",2,29,"","industry: BFSI"
"Axionet Sarl","Axionet Sarl","IT Service","Bengaluru",1,0,"","industry: IT Service"
"Axtria, Inc.","Axtria, Inc.","Professional Services","Gurugram; Noida; Pune; Bengaluru; Hyderabad",9,62,"","industry: Professional Services"
"Bacardi Ltd.","Bacardi Ltd.","Retail & Consumer Goods","Ghaziabad; Gurugram; Mysuru; Nashik",4,10,"","industry: Retail & Consumer Goods"
"Back Office Shared Services Pty. Ltd.","Back Office Shared Services Pty. Ltd.","Professional Services","Bengaluru",1,2,"","industry: Professional Services"
"Bain & Company, Inc.","Bain & Company, Inc.","Professional Services","Bengaluru; Gurugram",2,28,"","industry: Professional Services"
"Baker Hughes Co.","Baker Hughes Co.","Utilities","Bengaluru; Navi Mumbai",3,36,"","city: Navi Mumbai"
"Bank of America Corp.","Bank of America Corp.","BFSI","Chennai; Gandhinagar; Gurugram; Hyderabad; Mumbai; New Delhi",6,318,"","city: New Delhi"
"Barclays plc","Barclays plc","BFSI","Noida; Pune; Chennai; Gurugram; Mumbai",7,442,"","city: Noida"
"Barry-Wehmiller Design Group, Inc.","Barry-Wehmiller Design Group, Inc.","Industrial","Chennai",1,6,"","industry: Industrial"
"BASF SE","BASF SE","Chemicals","Chennai; Hyderabad; Ankleshwar; Bharuch; Kanchipuram; Kharagpur; Mangaluru; Navi Mumbai; Pune; Thane",12,68,"","city: Navi Mumbai"
"Bath & Body Works, Inc. (Part of L Brands)","Bath & Body Works, Inc. (Part of L Brands)","Retail & Consumer Goods","Bengaluru",2,2,"","industry: Retail & Consumer Goods"
"Baxter International, Inc.","Baxter International, Inc.","Healthcare Life Sciences & Pharma","Ahmedabad; Bengaluru; Gurugram; Aurangabad; Chennai",8,38,"","industry: Healthcare Life Sciences & Pharma"
"Bayerische Motoren Werke AG","Bayerische Motoren Werke AG","Automotive","Chennai; Bengaluru; Gurugram; Pune",5,19,"","industry: Automotive"
"BCD International, Inc.","BCD International, Inc.","Electronics","Ahmedabad",1,2,"","city: Ahmedabad"
"Beckman Coulter, Inc.","Beckman Coulter, Inc.","Healthcare Life Sciences & Pharma","Bengaluru; Mumbai",2,9,"","industry: Healthcare Life Sciences & Pharma"
"Becton, Dickinson and Co.","Becton, Dickinson and Co.","Healthcare Life Sciences & Pharma","Bengaluru; Chandigarh; Gurugram; Rewari; Vellore",5,20,"","industry: Healthcare Life Sciences & Pharma"
"Beiersdorf AG","Beiersdorf AG","Retail & Consumer Goods","Mumbai; Sanand",3,7,"","industry: Retail & Consumer Goods"
"Benison Technologies Pvt. Ltd.","Benison Technologies Pvt. Ltd.","IT Service","Bengaluru",1,5,"","industry: IT Service"
"Bentley Systems, Inc.","Bentley Systems, Inc.","Software & SaaS","New Delhi",1,20,"","city: New Delhi"
"Best Buy Co., Inc.","Best Buy Co., Inc.","Retail & Consumer Goods","Bengaluru",1,22,"","industry: Retail & Consumer Goods"
"Birst (Accquired by Infor Inc.)","Birst","Software & SaaS","Ahmedabad",1,23,"","city: Ahmedabad"
"Bitwise, Inc.","Bitwise, Inc.","IT Service","Pune",1,3,"","industry: IT Service"
"Black Box Corp.","Black Box Corp.","Telecom","Bengaluru; Gurugram; Navi Mumbai",3,26,"","industry: Telecom"
"Blackhawk Network Holdings, Inc.","Blackhawk Network Holdings, Inc.","Telecom","Bengaluru",1,7,"","industry: Telecom"
"Blaize, Inc.","Blaize, Inc.","Hi-Tech","Hyderabad",1,4,"","industry: Hi-Tech"
"Blend360, LLC","Blend360, LLC","Professional Services","Hyderabad",1,7,"","industry: Professional Services"
"BlueConch Technologies (Part of UST Global Inc.)","BlueConch Technologies (Part of UST Global Inc.)","IT Service","Ahmedabad; Pune",2,22,"","industry: IT Service"
"BMC Software, Inc.","BMC Software, Inc.","Software & SaaS","Bengaluru; Mumbai; New Delhi; Pune",4,31,"","city: New Delhi"
"Boehringer Ingelheim International GmbH","Boehringer Ingelheim International GmbH","Healthcare Life Sciences & Pharma","Ahmedabad; Bengaluru; Kanpur; Mumbai",4,8,"","city: Ahmedabad"
"BorgWarner Inc.","BorgWarner Inc.","Automotive","Bengaluru; Chennai; Gurugram; Pune",6,18,"","industry: Automotive"
"Boston Analytics, Inc.","Boston Analytics, Inc.","Professional Services","Gurugram",1,2,"","industry: Professional Services"
"Boston Consulting Group, Inc.","Boston Consulting Group, Inc.","Professional Services","Gurugram; Bengaluru; Mumbai",4,121,"","industry: Professional Services"
"BP plc","BP plc","Utilities","Pune; New Delhi",3,56,"","city: New Delhi"
"Brady Corp.","Brady Corp.","Professional Services","Bengaluru",2,9,"","industry: Professional Services"
"Brainchip Holdings, Ltd.","Brainchip Holdings, Ltd.","Hi-Tech","Hyderabad",1,1,"","industry: Hi-Tech"
"Bridgestone Corp.","Bridgestone Corp.","Automotive","Bengaluru; Chennai; Gurugram; Indore; Pune",5,45,"","industry: Automotive"
"British Airways plc","British Airways plc","Travel, Transport, Logistics & Hospitality","Gurugram; New Delhi",2,7,"","city: New Delhi"
"Broadcom Inc.","Broadcom Inc.","Hi-Tech","Bengaluru; Hyderabad; Pune",3,32,"","industry: Hi-Tech"
"Brose Fahrzeugteile GmbH& Co. K.G.","Brose Fahrzeugteile GmbH& Co. K.G.","Automotive","Pune",2,21,"","industry: Automotive"
"BSH Hausgerate GmbH","BSH Hausgerate GmbH","Retail & Consumer Goods","Bengaluru; Chennai; Mumbai",3,7,"","industry: Retail & Consumer Goods"
"BT Group plc","BT Group plc","Telecom","Bengaluru; Gurugram; Kolkata",3,49,"","industry: Telecom"
"Calix, Inc.","Calix, Inc.","Hi-Tech","Bengaluru",1,11,"","industry: Hi-Tech"
"Cambium Networks, Ltd.","Cambium Networks, Ltd.","Hi-Tech","Bengaluru",1,8,"","industry: Hi-Tech"
"Caparo Group Ltd.","Caparo Group Ltd.","Industrial","Rewari; Ahmedabad; Alwar; Bawal; Chennai; Dewas; Dindigul; Gurugram; Jamshedpur; Mehsana; Noida; Pithampur; Pune; Rudrapur; Vadodara",16,9,"","city: Ahmedabad"
"Capita plc","Capita plc","Professional Services","Bengaluru; Mumbai; Pune",3,27,"","industry: Professional Services"
"Carbon Clean Solutions Ltd.","Carbon Clean Solutions Ltd.","IT Service","Navi Mumbai",1,5,"","city: Navi Mumbai"
"Cargill, Inc.","Cargill, Inc.","Retail & Consumer Goods","Bathinda; Bengaluru; Bhuj; Gurugram; Harihar; Pune; Sonipat; Vijayawada",8,74,"","industry: Retail & Consumer Goods"
"Carl Zeiss Meditec AG","Carl Zeiss Meditec AG","Healthcare Life Sciences & Pharma","Bengaluru; Ahmedabad; Pune",5,31,"","city: Ahmedabad"
"Carraro S.p.A.","Carraro S.p.A.","Automotive","Pune",2,13,"","industry: Automotive"
"CDW Corp.","CDW Corp.","Retail & Consumer Goods","Bengaluru; Chennai; Hyderabad",3,9,"","industry: Retail & Consumer Goods"
"Celona Inc.","Celona Inc.","Telecom","Bengaluru",1,0,"","industry: Telecom"
"Chazey Partners Inc. (Acquired by QX Global Group)","Chazey Partners Inc.","Professional Services","Ahmedabad; Mumbai; Noida; Vadodara",4,8,"","industry: Professional Services"
"Chegg, Inc.","Chegg, Inc.","Education","New Delhi",1,18,"","city: New Delhi"
"Chelsio Communications Inc.","Chelsio Communications Inc.","Telecom","Bengaluru",1,0,"","industry: Telecom"
"Cignex Datamatics Technologies Ltd. (Acquired by Relevance Lab)","Cignex Datamatics Technologies Ltd.","IT Service","Ahmedabad; Bengaluru",2,6,"","city: Ahmedabad"
"Citrin Cooperman & Company, LLP","Citrin Cooperman & Company, LLP","BFSI","Ahmedabad; Hyderabad",2,29,"","city: Ahmedabad"
"Clariant AG","Clariant AG","Chemicals","Hyderabad; Kashipur; Navi Mumbai",3,31,"","city: Navi Mumbai"
"CMA CGM S.A.","CMA CGM S.A.","Travel, Transport, Logistics & Hospitality","Chennai; Navi Mumbai; Thane",3,30,"","city: Navi Mumbai"
"Coats Group plc","Coats Group plc","Retail & Consumer Goods","Madurai; Ambasamudram; Bengaluru; Panoli; Serampore; Thoothukudi",7,25,"","industry: Retail & Consumer Goods"
"Colgate-Palmolive Co.","Colgate-Palmolive Co.","Retail & Consumer Goods","Mumbai; Chittoor; Ponda; Sanand; Solan",6,107,"","industry: Retail & Consumer Goods"
"Colt Technology Services Group Ltd.","Colt Technology Services Group Ltd.","Telecom","Bengaluru; Chennai; Gurugram; Navi Mumbai",4,30,"","industry: Telecom"
"Commscope Holding Co., Inc.","Commscope Holding Co., Inc.","Telecom","Bengaluru; Chennai; Hyderabad; Mormugao",4,16,"","industry: Telecom"
"Compagnie de Saint-Gobain S.A.","Compagnie de Saint-Gobain S.A.","Industrial","Bengaluru; Chennai; Erode; Halol; Mumbai; Nagpur; Navi Mumbai; Palakkad; Solan; Sriperumbudur; Tirupati; Visakhapatnam",13,42,"","city: Navi Mumbai"
"Compagnie Generale des Etablissements Michelin SCA","Compagnie Generale des Etablissements Michelin SCA","Automotive","Chennai; Gurugram; Pune",3,133,"","industry: Automotive"
"Comtrend Corp.","Comtrend Corp.","Telecom","Gurugram",1,0,"","industry: Telecom"
"Continental AG","Continental AG","Automotive","Bengaluru; Kolkata; Faridabad; Gurugram; Meerut; New Delhi; Satara",11,77,"","industry: Automotive"
"ConvergeOne Holdings, Inc.","ConvergeOne Holdings, Inc.","Telecom","Hyderabad",1,11,"","industry: Telecom"
"Cooper-Standard Holdings Inc.","Cooper-Standard Holdings Inc.","Automotive","Pune",1,3,"","industry: Automotive"
"Copart, Inc.","Copart, Inc.","Automotive","Hyderabad",1,10,"","industry: Automotive"
"Costco Wholesale Corp.","Costco Wholesale Corp.","Retail & Consumer Goods","Hyderabad",1,2,"","industry: Retail & Consumer Goods"
"Covestro AG","Covestro AG","Chemicals","Ankleshwar; Cuddalore; Navi Mumbai; Noida",4,9,"","city: Navi Mumbai"
"Croda International plc","Croda International plc","Chemicals","Ahmedabad; Bharuch; Hyderabad; Mumbai; Navi Mumbai",6,8,"","city: Navi Mumbai"
"Curia Global, Inc.","Curia Global, Inc.","Healthcare Life Sciences & Pharma","Hyderabad; Aurangabad; Navi Mumbai",4,7,"","city: Navi Mumbai"
"Daimler Truck Holding AG","Daimler Truck Holding AG","Automotive","Bengaluru; Chennai; Kanchipuram",3,25,"","industry: Automotive"
"Dana Inc.","Dana Inc.","Automotive","Pune; Chennai; Dharwad",5,23,"","industry: Automotive"
"Danfoss A/S","Danfoss A/S","Industrial","Pune; Chennai; Coimbatore; Kanchipuram; Navi Mumbai",7,32,"","city: Navi Mumbai"
"Danlaw, Inc.","Danlaw, Inc.","Automotive","Hyderabad",1,8,"","industry: Automotive"
"Danone S.A.","Danone S.A.","Retail & Consumer Goods","Mohali; Mumbai; New Delhi; Sonipat",4,24,"","industry: Retail & Consumer Goods"
"Deutsche Telekom AG","Deutsche Telekom AG","Telecom","Gurugram",1,20,"","industry: Telecom"
"Diageo plc","Diageo plc","Retail & Consumer Goods","Bengaluru; Gurugram; Mumbai; Ponda",5,60,"","industry: Retail & Consumer Goods"
"Dialogic Corp.","Dialogic Corp.","Telecom","Noida",1,0,"","industry: Telecom"
"Diversey, Inc","Diversey, Inc","Retail & Consumer Goods","Mumbai",1,8,"","industry: Retail & Consumer Goods"
"Dover Corp.","Dover Corp.","Industrial","Bengaluru; Chennai; Navi Mumbai",3,16,"","city: Navi Mumbai"
"Ekinops S.A.","Ekinops S.A.","Telecom","Bengaluru",1,2,"","industry: Telecom"
"Etihad Etisalat Co.","Etihad Etisalat Co.","Telecom","Bengaluru",1,2,"","industry: Telecom"
